{
  "accuracy": 0.8776954550481035,
  "precision": 0.4782608695652174,
  "recall": 0.499054820415879,
  "f1": 0.4884366327474561,
  "mcc": 0.41913981416680257,
  "auc": 0.713459783407689,
  "confusion_matrix": [
    [
      7409,
      576
    ],
    [
      530,
      528
    ]
  ]
}