{
  "accuracy": 0.8960521950680084,
  "precision": 0.5930599369085173,
  "recall": 0.3553875236294896,
  "f1": 0.4444444444444444,
  "mcc": 0.40669557905745657,
  "auc": 0.8372599616719913,
  "confusion_matrix": [
    [
      7727,
      258
    ],
    [
      682,
      376
    ]
  ]
}