{
  "accuracy": 0.9015813336282207,
  "precision": 0.6473684210526316,
  "recall": 0.3487712665406427,
  "f1": 0.4533169533169533,
  "mcc": 0.42798793467415075,
  "auc": 0.9054172935312312,
  "confusion_matrix": [
    [
      7784,
      201
    ],
    [
      689,
      369
    ]
  ]
}