{
  "accuracy": 0.8638726086475728,
  "precision": 0.42821576763485475,
  "recall": 0.4877126654064272,
  "f1": 0.45603181617322136,
  "mcc": 0.3796553346420521,
  "auc": 0.8087853761720049,
  "confusion_matrix": [
    [
      7296,
      689
    ],
    [
      542,
      516
    ]
  ]
}