{
  "accuracy": 0.9044564856795311,
  "precision": 0.655448717948718,
  "recall": 0.38657844990548207,
  "f1": 0.4863258026159334,
  "mcc": 0.45608037914285554,
  "auc": 0.9271974981445598,
  "confusion_matrix": [
    [
      7770,
      215
    ],
    [
      649,
      409
    ]
  ]
}