{
  "accuracy": 0.907995134358067,
  "precision": 0.6348448687350835,
  "recall": 0.502835538752363,
  "f1": 0.5611814345991561,
  "mcc": 0.514893614085932,
  "auc": 0.9290581465957555,
  "confusion_matrix": [
    [
      7679,
      306
    ],
    [
      526,
      532
    ]
  ]
}